{"count":126.0,"mean":308.1121026902,"std":51.8249285623,"min":187.8500061035,"25%":307.2900085449,"50%":328.8150024414,"75%":339.4824981689,"max":381.6799926758}