{"count":127.0,"mean":322.4678738812,"std":44.0487380938,"min":191.0599975586,"25%":320.9349975586,"50%":331.5100097656,"75%":343.1949920654,"max":381.6799926758}