{"count":128.0,"mean":333.3839063644,"std":31.5134153767,"min":220.8500061035,"25%":326.2725067139,"50%":334.9900054932,"75%":346.9900054932,"max":381.6799926758}