{"count":128.0,"mean":327.6997656822,"std":38.5009944904,"min":209.3899993896,"25%":323.2250061035,"50%":332.7699890137,"75%":344.2649917603,"max":381.6799926758}