{"count":128.0,"mean":338.6124219894,"std":23.6204133442,"min":234.9700012207,"25%":327.5950012207,"50%":336.4450073242,"75%":352.1625061035,"max":381.6799926758}