{"count":125.0,"mean":314.9224796143,"std":47.9531854979,"min":191.0599975586,"25%":314.1900024414,"50%":329.8200073242,"75%":340.2799987793,"max":381.6799926758}