{"count":126.0,"mean":300.9744439504,"std":54.3361644787,"min":187.0299987793,"25%":296.1524963379,"50%":327.9349975586,"75%":336.9725036621,"max":359.299987793}