{"count":128.0,"mean":527.4786698818,"std":31.0910129736,"min":479.75,"25%":504.564994812,"50%":518.5400085449,"75%":546.0249786377,"max":606.4699707031}