{"count":128.0,"mean":534.0578103065,"std":38.3027241635,"min":479.75,"25%":504.8974914551,"50%":521.4850158691,"75%":554.0824737549,"max":642.2299804688}