{"count":128.0,"mean":537.8891386986,"std":43.6321403498,"min":479.75,"25%":504.8974914551,"50%":521.4850158691,"75%":571.2924957275,"max":642.2299804688}