{"count":126.0,"mean":546.0973808652,"std":117.0914998628,"min":335.1000061035,"25%":402.5225067139,"50%":597.8599853516,"75%":633.9274902344,"max":692.3499755859}