{"count":129.0,"mean":567.7831759194,"std":62.4033712833,"min":487.1700134277,"25%":515.2399902344,"50%":545.9799804688,"75%":625.5700073242,"max":692.3499755859}