{"count":127.0,"mean":571.9996049536,"std":95.6005314739,"min":355.0899963379,"25%":541.3800048828,"50%":598.7100219727,"75%":633.6849975586,"max":692.3499755859}