{"count":128.0,"mean":586.0657014847,"std":75.0438862407,"min":378.2699890137,"25%":546.1149749756,"50%":598.6400146484,"75%":633.4425048828,"max":692.3499755859}