{"count":125.0,"mean":564.8495991211,"std":103.1708208942,"min":355.0899963379,"25%":517.5999755859,"50%":599.9099731445,"75%":634.1699829102,"max":692.3499755859}