{"count":126.0,"mean":555.462935917,"std":110.2541645831,"min":349.799987793,"25%":412.9875106812,"50%":598.375,"75%":633.9274902344,"max":692.3499755859}