{"count":128.0,"mean":540.0931229591,"std":45.7392903215,"min":479.75,"25%":504.8974914551,"50%":522.2799987793,"75%":580.6875,"max":642.2299804688}