{"count":128.0,"mean":576.9221076965,"std":88.8439869802,"min":378.2699890137,"25%":546.1149749756,"50%":598.6400146484,"75%":633.4425048828,"max":692.3499755859}