{"count":129.0,"mean":560.0245713818,"std":59.4819408041,"min":481.6300048828,"25%":512.6400146484,"50%":540.299987793,"75%":604.2399902344,"max":689.0599975586}