{"count":128.0,"mean":581.5746855736,"std":82.0457901615,"min":378.2699890137,"25%":546.1149749756,"50%":598.6400146484,"75%":633.4425048828,"max":692.3499755859}