{"count":128.0,"mean":917.6728134155,"std":163.1563787481,"min":669.75,"25%":754.6024932861,"50%":915.8200073242,"75%":1064.7100219727,"max":1234.4100341797}