{"count":128.0,"mean":933.4142193794,"std":150.9968655056,"min":678.2100219727,"25%":785.2950134277,"50%":925.9849853516,"75%":1064.7100219727,"max":1234.4100341797}