{"count":129.0,"mean":760.5787609012,"std":160.9229295109,"min":575.0,"25%":654.6799926758,"50%":711.9000244141,"75%":787.200012207,"max":1234.4100341797}