{"count":129.0,"mean":741.9057366423,"std":152.8406632677,"min":552.549987793,"25%":647.0,"50%":707.0300292969,"75%":778.4000244141,"max":1234.4100341797}