{"count":125.0,"mean":947.2785605469,"std":138.9136258451,"min":700.3900146484,"25%":823.7399902344,"50%":933.3599853516,"75%":1068.3100585938,"max":1234.4100341797}