{"count":127.0,"mean":938.4802366242,"std":146.1752949795,"min":700.3900146484,"25%":796.3550109863,"50%":928.1799926758,"75%":1065.9100341797,"max":1234.4100341797}