{"count":126.0,"mean":951.672936818,"std":132.6457142739,"min":700.3900146484,"25%":839.6599884033,"50%":930.7699890137,"75%":1067.1100463867,"max":1234.4100341797}