{"count":126.0,"mean":949.0332312205,"std":135.8162783931,"min":700.3900146484,"25%":835.4674987793,"50%":930.7699890137,"75%":1067.1100463867,"max":1234.4100341797}