{"count":128.0,"mean":925.6224226952,"std":157.8327499606,"min":669.75,"25%":775.4300079346,"50%":925.9849853516,"75%":1064.7100219727,"max":1234.4100341797}