{"count":128.0,"mean":673.2835159302,"std":52.3617036645,"min":552.549987793,"25%":628.2274932861,"50%":678.9599914551,"75%":713.0300140381,"max":770.700012207}