{"count":128.0,"mean":683.1979694366,"std":59.0467593806,"min":552.549987793,"25%":631.4725036621,"50%":683.384979248,"75%":729.5500183105,"max":796.5}