{"count":128.0,"mean":691.2334375381,"std":70.1402049031,"min":552.549987793,"25%":631.4725036621,"50%":684.2850036621,"75%":740.0525054932,"max":877.5300292969}