{"count":128.0,"mean":23.7812499553,"std":2.1843419001,"min":17.2000007629,"25%":22.1199998856,"50%":23.9499998093,"75%":25.1775007248,"max":28.6599998474}