{"count":128.0,"mean":23.6108593494,"std":2.1446912835,"min":17.2000007629,"25%":22.0100002289,"50%":23.6099996567,"75%":25.0350003242,"max":28.6599998474}