{"count":128.0,"mean":23.7826561928,"std":2.1788415035,"min":17.2000007629,"25%":22.1199998856,"50%":23.9499998093,"75%":25.1050004959,"max":28.6599998474}