{"count":128.0,"mean":21.5204297304,"std":4.6061834728,"min":12.3000001907,"25%":18.367500782,"50%":23.2349996567,"75%":25.3224992752,"max":28.6599998474}