{"count":129.0,"mean":24.2431782272,"std":2.0082069843,"min":18.8199996948,"25%":22.9799995422,"50%":24.4300003052,"75%":25.7900009155,"max":28.6599998474}