{"count":128.0,"mean":21.8858594149,"std":4.2902895424,"min":12.3000001907,"25%":18.6100006104,"50%":23.2349996567,"75%":25.3224992752,"max":28.6599998474}