{"count":126.0,"mean":19.4318651396,"std":5.3939099944,"min":9.75,"25%":13.9549999237,"50%":19.1099996567,"75%":24.375,"max":28.6599998474}