{"count":125.0,"mean":19.9709200668,"std":5.2855509616,"min":9.75,"25%":14.8999996185,"50%":19.5100002289,"75%":24.5,"max":28.6599998474}