{"count":127.0,"mean":20.6034252437,"std":5.1405564125,"min":9.75,"25%":16.75,"50%":20.9500007629,"75%":25.3449993134,"max":28.6599998474}