{"count":126.0,"mean":18.8152778489,"std":5.3958975383,"min":9.75,"25%":13.3299999237,"50%":18.7150001526,"75%":23.8525004387,"max":28.2700004578}