{"count":128.0,"mean":21.0713672414,"std":4.8544368036,"min":11.9200000763,"25%":18.022500515,"50%":22.75,"75%":25.3224992752,"max":28.6599998474}