{"count":128.0,"mean":23.8424999565,"std":2.1618910987,"min":17.2000007629,"25%":22.2575001717,"50%":24.0050001144,"75%":25.1050004959,"max":28.6599998474}