{"count":129.0,"mean":24.3604650571,"std":1.8146297085,"min":20.75,"25%":23.0100002289,"50%":24.4300003052,"75%":25.7900009155,"max":28.6599998474}