{"count":128.0,"mean":24.1285937577,"std":5.1680354247,"min":14.0100002289,"25%":21.2049994469,"50%":23.1500005722,"75%":25.3600001335,"max":38.7900009155}