{"count":128.0,"mean":23.8920312673,"std":5.3597937787,"min":14.0100002289,"25%":20.9749999046,"50%":23.0500001907,"75%":25.3600001335,"max":38.7900009155}