{"count":126.0,"mean":23.0652380898,"std":6.1569688354,"min":13.3999996185,"25%":16.977499485,"50%":23.1100006104,"75%":25.4200005531,"max":38.7900009155}