{"count":125.0,"mean":23.3337599945,"std":5.9733833988,"min":13.3999996185,"25%":19.6100006104,"50%":23.1200008392,"75%":25.4500007629,"max":38.7900009155}