{"count":126.0,"mean":22.8257936372,"std":6.3511804856,"min":13.3999996185,"25%":16.5450000763,"50%":23.1100006104,"75%":25.4200005531,"max":38.7900009155}