{"count":128.0,"mean":23.6898437589,"std":5.5353877959,"min":14.0100002289,"25%":20.8125,"50%":23.0500001907,"75%":25.3600001335,"max":38.7900009155}