{"count":127.0,"mean":23.5451968561,"std":5.7394643141,"min":13.3999996185,"25%":20.7199993134,"50%":23.1000003815,"75%":25.3900003433,"max":38.7900009155}