{"count":128.0,"mean":7.7615312263,"std":1.0525217684,"min":6.0100002289,"25%":7.0075001717,"50%":7.3699998856,"75%":8.6125001907,"max":10.25}