{"count":128.0,"mean":7.9853827804,"std":1.0557450962,"min":6.0100002289,"25%":7.0974999666,"50%":7.8949999809,"75%":8.9149999619,"max":10.25}