{"count":128.0,"mean":7.8117890283,"std":1.0484629361,"min":6.0100002289,"25%":7.0149999857,"50%":7.4749999046,"75%":8.6125001907,"max":10.25}