{"count":128.0,"mean":6.3089453019,"std":1.0228072695,"min":3.7799999714,"25%":5.75,"50%":6.6150000095,"75%":7.0500001907,"max":8.6099996567}