{"count":128.0,"mean":7.7465546615,"std":1.0543120052,"min":6.0100002289,"25%":7.0,"50%":7.3599998951,"75%":8.6125001907,"max":10.25}