{"count":128.0,"mean":6.2174062394,"std":1.0731871016,"min":3.7799999714,"25%":5.6524999142,"50%":6.4900000095,"75%":7.0275000334,"max":8.6099996567}