{"count":129.0,"mean":7.5678992087,"std":1.0298967062,"min":6.0100002289,"25%":6.9499998093,"50%":7.1700000763,"75%":8.1700000763,"max":10.25}