{"count":126.0,"mean":5.6851666655,"std":1.387432511,"min":2.9700000286,"25%":4.3824999332,"50%":5.8999998569,"75%":6.8800001144,"max":8.6099996567}