{"count":129.0,"mean":7.6020852577,"std":1.0300934165,"min":6.0100002289,"25%":6.9800000191,"50%":7.2199997902,"75%":8.2100000381,"max":10.25}