{"count":127.0,"mean":6.1211653469,"std":1.1466987398,"min":3.5299999714,"25%":5.5050001144,"50%":6.3800001144,"75%":7.0150001049,"max":8.6099996567}