{"count":126.0,"mean":5.8208730145,"std":1.3000912904,"min":3.1900000572,"25%":4.5375001431,"50%":6.0100002289,"75%":6.8800001144,"max":8.6099996567}