{"count":128.0,"mean":6.4242265522,"std":0.9570081942,"min":3.7799999714,"25%":5.8750001192,"50%":6.6345000267,"75%":7.0900001526,"max":8.6099996567}