{"count":125.0,"mean":5.9610400009,"std":1.2179465511,"min":3.5099999905,"25%":5.1500000954,"50%":6.111000061,"75%":6.9800000191,"max":8.6099996567}