{"count":128.0,"mean":7.7214843668,"std":1.5513439065,"min":5.6199998856,"25%":6.3474999666,"50%":7.4300000668,"75%":8.9849996567,"max":12.4200000763}