{"count":128.0,"mean":8.4475781135,"std":2.2353349753,"min":5.6199998856,"25%":6.4175000191,"50%":8.0850000381,"75%":9.7300002575,"max":15.3000001907}