{"count":128.0,"mean":7.9161718711,"std":1.7258097224,"min":5.6199998856,"25%":6.3474999666,"50%":7.6749999523,"75%":9.1475002766,"max":12.5600004196}