{"count":127.0,"mean":6.6139370119,"std":1.8439283098,"min":3.5799999237,"25%":5.25,"50%":6.2699999809,"75%":7.5199999809,"max":11.3999996185}