{"count":129.0,"mean":7.7996898917,"std":1.6326387394,"min":5.6199998856,"25%":6.3499999046,"50%":7.3800001144,"75%":9.0200004578,"max":12.4200000763}