{"count":126.0,"mean":6.6122222268,"std":1.8548487134,"min":3.5799999237,"25%":5.25,"50%":6.2650001049,"75%":7.5199999809,"max":11.3999996185}