{"count":128.0,"mean":7.7090624832,"std":1.5412227775,"min":5.6199998856,"25%":6.3474999666,"50%":7.4300000668,"75%":8.8949999809,"max":12.4200000763}