{"count":128.0,"mean":6.7855468746,"std":1.7353888455,"min":3.5799999237,"25%":5.9524998665,"50%":6.3949999809,"75%":7.5525001287,"max":11.3999996185}