{"count":128.0,"mean":6.6960156281,"std":1.7841278781,"min":3.5799999237,"25%":5.7349997759,"50%":6.3100001812,"75%":7.5199999809,"max":11.3999996185}