{"count":126.0,"mean":6.6140476238,"std":1.854159921,"min":3.5799999237,"25%":5.25,"50%":6.2850000858,"75%":7.5199999809,"max":11.3999996185}