{"count":129.0,"mean":7.7003100491,"std":1.54252377,"min":5.6199998856,"25%":6.3499999046,"50%":7.3800001144,"75%":8.9399995804,"max":12.4200000763}