{"count":125.0,"mean":6.6064800014,"std":1.862350325,"min":3.5799999237,"25%":5.25,"50%":6.2399997711,"75%":7.5199999809,"max":11.3999996185}