{"count":128.0,"mean":6.6465625037,"std":1.811790515,"min":3.5799999237,"25%":5.3199999332,"50%":6.2699999809,"75%":7.5199999809,"max":11.3999996185}