{"count":128.0,"mean":430.4007818699,"std":12.6862148128,"min":406.9200134277,"25%":419.2899932861,"50%":430.6100006104,"75%":440.2225036621,"max":453.3200073242}