{"count":128.0,"mean":427.4905474186,"std":15.296857115,"min":385.9800109863,"25%":417.0349960327,"50%":425.5500030518,"75%":439.9875030518,"max":453.3200073242}