{"count":128.0,"mean":431.6566412449,"std":12.1709635644,"min":406.9200134277,"25%":420.6549987793,"50%":433.7200012207,"75%":440.6149978638,"max":453.3200073242}