{"count":126.0,"mean":451.92650907,"std":15.3582199571,"min":411.0199890137,"25%":439.1799926758,"50%":452.4499969482,"75%":465.2250061035,"max":479.2200012207}