{"count":129.0,"mean":437.9120154566,"std":14.0509621125,"min":406.9200134277,"25%":426.1900024414,"50%":438.3900146484,"75%":447.9700012207,"max":469.700012207}