{"count":128.0,"mean":454.1530482769,"std":12.8388227347,"min":429.2699890137,"25%":444.5974960327,"50%":452.9199981689,"75%":465.2149963379,"max":479.2200012207}