{"count":126.0,"mean":451.2004772368,"std":16.0703576214,"min":411.0199890137,"25%":437.2024993896,"50%":452.4499969482,"75%":465.2250061035,"max":479.2200012207}