{"count":128.0,"mean":432.5171098709,"std":12.1803809822,"min":406.9200134277,"25%":421.495010376,"50%":434.7749938965,"75%":442.4974899292,"max":453.3200073242}