{"count":129.0,"mean":440.1232555301,"std":14.2175765856,"min":411.799987793,"25%":428.8699951172,"50%":439.6799926758,"75%":448.9200134277,"max":469.700012207}