{"count":128.0,"mean":453.8327355385,"std":13.0199419691,"min":429.2699890137,"25%":443.4549942017,"50%":452.6349945068,"75%":465.2149963379,"max":479.2200012207}