{"count":127.0,"mean":453.5918124942,"std":13.7908982156,"min":411.0199890137,"25%":443.4750061035,"50%":453.1300048828,"75%":465.2200012207,"max":479.2200012207}