{"count":125.0,"mean":452.9690415039,"std":14.4089356418,"min":411.0199890137,"25%":440.4700012207,"50%":453.1300048828,"75%":465.2300109863,"max":479.2200012207}