{"count":128.0,"mean":454.0529704094,"std":12.9355334581,"min":429.2699890137,"25%":443.9599990845,"50%":452.9199981689,"75%":465.2149963379,"max":479.2200012207}