{"count":128.0,"mean":139.0096100569,"std":9.3463861346,"min":123.1600036621,"25%":130.6250038147,"50%":141.6699981689,"75%":146.7324943542,"max":156.9799957275}