{"count":128.0,"mean":139.4646490812,"std":9.2715678275,"min":123.1600036621,"25%":130.8150062561,"50%":142.6100006104,"75%":146.7324943542,"max":156.9799957275}