{"count":128.0,"mean":137.5060945153,"std":10.2091497457,"min":119.5400009155,"25%":127.8199996948,"50%":134.9749984741,"75%":146.7324943542,"max":156.9799957275}