{"count":128.0,"mean":159.0872656107,"std":12.5626733809,"min":139.4700012207,"25%":148.6749954224,"50%":156.2350006104,"75%":171.5899963379,"max":182.6300048828}