{"count":128.0,"mean":157.1935155392,"std":12.3160292621,"min":139.4700012207,"25%":148.1024971008,"50%":151.4950027466,"75%":169.2924995422,"max":182.6300048828}