{"count":129.0,"mean":143.1004657598,"std":8.6822452399,"min":124.0699996948,"25%":139.4900054932,"50%":145.9400024414,"75%":148.9900054932,"max":157.6499938965}