{"count":125.0,"mean":160.2978399658,"std":12.4037527826,"min":139.4700012207,"25%":148.9600067139,"50%":161.1199951172,"75%":171.6799926758,"max":182.6300048828}