{"count":128.0,"mean":139.8055473566,"std":9.3177527037,"min":123.1600036621,"25%":130.8150062561,"50%":143.2399978638,"75%":147.3125038147,"max":156.9799957275}