{"count":129.0,"mean":142.0516285859,"std":9.0931974348,"min":123.1600036621,"25%":134.8000030518,"50%":145.0299987793,"75%":148.6999969482,"max":156.9799957275}