{"count":128.0,"mean":158.2489061356,"std":12.5074494825,"min":139.4700012207,"25%":148.5549964905,"50%":153.7350006104,"75%":171.5224952698,"max":182.6300048828}