{"count":126.0,"mean":160.7087298196,"std":12.1846677353,"min":139.4700012207,"25%":149.4425010681,"50%":161.5799942017,"75%":171.6499938965,"max":182.6300048828}