{"count":126.0,"mean":160.4569840204,"std":12.3284560833,"min":139.4700012207,"25%":148.9675064087,"50%":161.5799942017,"75%":171.6499938965,"max":182.6300048828}