{"count":127.0,"mean":159.6068503312,"std":12.4473131256,"min":139.4700012207,"25%":148.8150024414,"50%":158.9799957275,"75%":171.6199951172,"max":182.6300048828}