{"count":128.0,"mean":44.541484341,"std":8.492184252,"min":29.0300006866,"25%":37.8724985123,"50%":43.3400001526,"75%":51.1475009918,"max":62.3400001526}