{"count":128.0,"mean":45.255937472,"std":8.4085623832,"min":29.0300006866,"25%":39.345000267,"50%":44.8150005341,"75%":51.7925004959,"max":62.3400001526}