{"count":128.0,"mean":44.3282030672,"std":8.5223713185,"min":29.0300006866,"25%":37.8724985123,"50%":42.5400009155,"75%":51.1475009918,"max":62.3400001526}