{"count":128.0,"mean":48.5475000143,"std":6.1404608182,"min":38.9700012207,"25%":43.9099998474,"50%":46.7100009918,"75%":53.4149990082,"max":63.7000007629}