{"count":129.0,"mean":49.4066665709,"std":7.9223190028,"min":32.5699996948,"25%":43.1300010681,"50%":50.1399993896,"75%":55.8600006104,"max":63.5}