{"count":126.0,"mean":48.3653967418,"std":6.3760766343,"min":35.7900009155,"25%":43.5275001526,"50%":46.3449993134,"75%":53.2949991226,"max":63.7000007629}