{"count":129.0,"mean":48.2217828765,"std":8.3070509249,"min":29.9599990845,"25%":42.0499992371,"50%":48.2999992371,"75%":55.2799987793,"max":62.3400001526}