{"count":125.0,"mean":48.4150399475,"std":6.2709377812,"min":35.7900009155,"25%":43.7000007629,"50%":46.6500015259,"75%":53.0699996948,"max":63.7000007629}