{"count":128.0,"mean":49.1482031047,"std":6.2039916145,"min":38.9700012207,"25%":44.1975002289,"50%":47.2099990845,"75%":54.1699991226,"max":63.7000007629}