{"count":127.0,"mean":48.3240157,"std":6.2288811779,"min":35.7900009155,"25%":43.625,"50%":46.6300010681,"75%":52.4149990082,"max":63.7000007629}