{"count":126.0,"mean":48.4974602593,"std":6.2803387057,"min":35.7900009155,"25%":43.7050008774,"50%":46.7100009918,"75%":53.2949991226,"max":63.7000007629}