{"count":128.0,"mean":48.305078119,"std":6.1898758713,"min":38.9700012207,"25%":43.6625003815,"50%":46.5650005341,"75%":52.2574987411,"max":63.7000007629}