{"count":128.0,"mean":45.6595312208,"std":8.4395789169,"min":29.0300006866,"25%":39.5100002289,"50%":45.3999996185,"75%":52.8099994659,"max":62.3400001526}