{"count":126.0,"mean":157.907539731,"std":13.8632649617,"min":132.3600006104,"25%":147.8375015259,"50%":154.8349990845,"75%":171.6875038147,"max":185.1199951172}