{"count":126.0,"mean":155.9578571622,"std":13.5512525096,"min":129.7400054932,"25%":147.0549964905,"50%":153.5399932861,"75%":170.0299987793,"max":180.3200073242}