{"count":128.0,"mean":164.4590625763,"std":14.3216170588,"min":134.8200073242,"25%":152.2325019836,"50%":169.9649963379,"75%":176.7100028992,"max":186.3600006104}