{"count":128.0,"mean":163.3542187214,"std":14.512793634,"min":134.8200073242,"25%":151.2900047302,"50%":166.2700042725,"75%":175.9299964905,"max":186.3600006104}