{"count":125.0,"mean":159.6559199219,"std":13.8598329418,"min":134.8200073242,"25%":149.2599945068,"50%":155.8699951172,"75%":172.9499969482,"max":186.3600006104}