{"count":127.0,"mean":161.3069292204,"std":14.2684847003,"min":134.8200073242,"25%":150.5550003052,"50%":157.0899963379,"75%":173.9500045776,"max":186.3600006104}