{"count":128.0,"mean":162.3194532394,"std":14.2455289458,"min":134.8200073242,"25%":151.0600013733,"50%":158.6599960327,"75%":174.7525024414,"max":186.3600006104}