{"count":128.0,"mean":252.9287494421,"std":42.3809162402,"min":194.9400024414,"25%":217.5200004578,"50%":237.6999969482,"75%":296.942489624,"max":335.1700134277}