{"count":125.0,"mean":259.0669592285,"std":38.5672885846,"min":199.5,"25%":223.3000030518,"50%":251.0399932861,"75%":297.549987793,"max":335.1700134277}