{"count":128.0,"mean":191.0331633091,"std":26.5834687382,"min":135.6649932861,"25%":174.4712486267,"50%":198.3412475586,"75%":210.9424972534,"max":228.3300018311}