{"count":128.0,"mean":256.8954679966,"std":39.6396062813,"min":194.9400024414,"25%":222.7574958801,"50%":249.75,"75%":296.942489624,"max":335.1700134277}