{"count":129.0,"mean":212.3411619201,"std":37.1326170036,"min":143.0249938965,"25%":193.1900024414,"50%":205.0399932861,"75%":223.0500030518,"max":323.6700134277}