{"count":126.0,"mean":259.0834912497,"std":38.3983506954,"min":199.5,"25%":225.3474998474,"50%":250.5249938965,"75%":297.3474884033,"max":335.1700134277}