{"count":127.0,"mean":257.9440150223,"std":38.8959409892,"min":199.5,"25%":223.1049957275,"50%":250.0099945068,"75%":297.1449890137,"max":335.1700134277}