{"count":129.0,"mean":205.7190882956,"std":34.0330506796,"min":135.6649932861,"25%":190.3049926758,"50%":203.5774993896,"75%":221.8399963379,"max":322.8200073242}