{"count":128.0,"mean":254.8372651339,"std":41.2183644735,"min":194.9400024414,"25%":221.2924957275,"50%":244.6600036621,"75%":296.942489624,"max":335.1700134277}