{"count":126.0,"mean":258.7616658286,"std":38.5802233861,"min":199.5,"25%":223.4425010681,"50%":250.5249938965,"75%":297.3474884033,"max":335.1700134277}