{"count":128.0,"mean":56.9717579782,"std":15.6157495142,"min":25.7399997711,"25%":46.3149986267,"50%":53.5149993896,"75%":74.0299987793,"max":82.0}