{"count":126.0,"mean":51.0854366999,"std":15.056961952,"min":25.7399997711,"25%":39.092499733,"50%":48.4750003815,"75%":55.6587486267,"max":82.0}