{"count":126.0,"mean":49.4130557227,"std":14.8826969094,"min":25.7399997711,"25%":37.842499733,"50%":47.5974998474,"75%":54.3725004196,"max":82.0}