{"count":128.0,"mean":58.4719142318,"std":15.5759799101,"min":25.7399997711,"25%":47.3949995041,"50%":54.0550003052,"75%":74.3625011444,"max":82.0}