{"count":127.0,"mean":54.3805907843,"std":15.5386471654,"min":25.7399997711,"25%":41.3950004578,"50%":51.5200004578,"75%":72.8400001526,"max":82.0}