{"count":128.0,"mean":55.6519142687,"std":15.5754406387,"min":25.7399997711,"25%":43.7675008774,"50%":52.7350006104,"75%":73.4550018311,"max":82.0}