{"count":125.0,"mean":52.6230802002,"std":15.1831232306,"min":25.7399997711,"25%":40.1599998474,"50%":49.0,"75%":71.6900024414,"max":82.0}