{"count":128.0,"mean":85.8480468988,"std":2.6943290197,"min":76.8099975586,"25%":84.3075008392,"50%":86.1599998474,"75%":87.6199989319,"max":90.7200012207}