{"count":128.0,"mean":84.4684374928,"std":3.5268892278,"min":75.0999984741,"25%":83.2625007629,"50%":85.1749992371,"75%":86.7775001526,"max":89.8099975586}