{"count":128.0,"mean":85.294375062,"std":2.9711668051,"min":76.8099975586,"25%":84.0599975586,"50%":85.6400032043,"75%":87.1825008392,"max":90.3000030518}