{"count":126.0,"mean":89.174364968,"std":4.7139458117,"min":80.0500030518,"25%":85.7799968719,"50%":89.2249984741,"75%":91.2449989319,"max":102.7699966431}