{"count":128.0,"mean":87.0435156822,"std":2.931283722,"min":80.0500030518,"25%":84.6325016022,"50%":87.0399971008,"75%":89.7799968719,"max":92.3600006104}