{"count":128.0,"mean":87.3401563168,"std":3.2995224553,"min":80.0500030518,"25%":84.6325016022,"50%":87.1349983215,"75%":89.9650001526,"max":96.0299987793}