{"count":128.0,"mean":87.617890656,"std":3.5589624243,"min":80.0500030518,"25%":84.6325016022,"50%":87.4049987793,"75%":90.2149982452,"max":96.0299987793}