{"count":127.0,"mean":87.9328346553,"std":3.6758174538,"min":80.0500030518,"25%":84.9700012207,"50%":88.1999969482,"75%":90.3600006104,"max":96.0299987793}