{"count":126.0,"mean":89.7092855544,"std":4.8441262702,"min":80.0500030518,"25%":86.1225013733,"50%":89.6849975586,"75%":91.6699981689,"max":102.7699966431}