{"count":125.0,"mean":88.6221599121,"std":4.4382663393,"min":80.0500030518,"25%":85.4499969482,"50%":88.9100036621,"75%":90.7300033569,"max":102.7699966431}