{"count":129.0,"mean":87.0968216889,"std":2.3139712936,"min":81.3000030518,"25%":85.4899978638,"50%":87.0599975586,"75%":88.9499969482,"max":91.6699981689}