{"count":128.0,"mean":86.1626563072,"std":2.4829004696,"min":78.8099975586,"25%":84.4324970245,"50%":86.2999992371,"75%":87.8574981689,"max":91.3300018311}