{"count":129.0,"mean":86.9553487615,"std":2.352224898,"min":81.3000030518,"25%":85.1800003052,"50%":86.8700027466,"75%":88.7200012207,"max":91.6699981689}