{"count":128.0,"mean":231.4119535685,"std":12.489937276,"min":208.1000061035,"25%":222.1950035095,"50%":229.5950012207,"75%":240.2700042725,"max":256.2600097656}