{"count":128.0,"mean":230.0170316696,"std":11.8011585055,"min":208.1000061035,"25%":221.4775009155,"50%":227.4099960327,"75%":238.1724967957,"max":256.2600097656}