{"count":128.0,"mean":233.5205472708,"std":13.5627393833,"min":208.1000061035,"25%":222.747505188,"50%":233.7900009155,"75%":244.9000015259,"max":257.2099914551}