{"count":125.0,"mean":211.0584003906,"std":10.5164201769,"min":187.3699951172,"25%":202.5,"50%":212.8500061035,"75%":217.8699951172,"max":232.9400024414}