{"count":128.0,"mean":212.6994535923,"std":9.8253517148,"min":188.1100006104,"25%":206.0449981689,"50%":213.8150024414,"75%":219.5174980164,"max":232.9400024414}