{"count":129.0,"mean":227.2489928016,"std":12.602831557,"min":206.0,"25%":217.4700012207,"50%":225.1300048828,"75%":236.6100006104,"max":256.2600097656}