{"count":126.0,"mean":209.6538891262,"std":12.3306863074,"min":169.7299957275,"25%":202.0250053406,"50%":211.6449966431,"75%":217.8549957275,"max":232.9400024414}