{"count":128.0,"mean":229.4642972946,"std":11.8332840935,"min":208.1000061035,"25%":220.8300056458,"50%":227.2200012207,"75%":237.8399963379,"max":256.2600097656}