{"count":128.0,"mean":214.0566409826,"std":11.1088220542,"min":188.1100006104,"25%":206.172504425,"50%":214.8199996948,"75%":222.1825027466,"max":240.0}