{"count":128.0,"mean":213.3468753099,"std":10.5649398033,"min":188.1100006104,"25%":206.0449981689,"50%":214.1100006104,"75%":221.0725059509,"max":240.0}