{"count":129.0,"mean":227.0973649136,"std":12.5974187912,"min":206.0,"25%":217.4700012207,"50%":224.2700042725,"75%":236.6100006104,"max":256.2600097656}