{"count":127.0,"mean":212.0944098525,"std":10.1318331775,"min":188.1100006104,"25%":205.1800003052,"50%":213.6000061035,"75%":219.2450027466,"max":232.9400024414}