{"count":126.0,"mean":208.4470638699,"std":13.428537099,"min":169.7299957275,"25%":200.2775039673,"50%":210.5299987793,"75%":217.8549957275,"max":232.9400024414}