{"count":128.0,"mean":28.2608593851,"std":3.3697617191,"min":18.6000003815,"25%":25.930000782,"50%":27.7550001144,"75%":30.6900000572,"max":37.1199989319}