{"count":128.0,"mean":27.6839843839,"std":3.0052340524,"min":18.6000003815,"25%":25.5649995804,"50%":27.0399999619,"75%":29.5624995232,"max":35.0}