{"count":128.0,"mean":27.6300781369,"std":2.9509329528,"min":18.6000003815,"25%":25.5649995804,"50%":27.0250005722,"75%":29.4924993515,"max":35.0}