{"count":128.0,"mean":27.8603906184,"std":3.0912487854,"min":18.6000003815,"25%":25.6424999237,"50%":27.1550006866,"75%":29.9974999428,"max":35.0}