{"count":129.0,"mean":30.0959690005,"std":5.0941470808,"min":23.6900005341,"25%":26.3299999237,"50%":28.1700000763,"75%":32.9599990845,"max":43.6899986267}