{"count":126.0,"mean":29.2635713456,"std":7.1131182112,"min":18.3799991608,"25%":23.852499485,"50%":27.345000267,"75%":34.3224992752,"max":45.3499984741}