{"count":128.0,"mean":29.4532030821,"std":6.8807311559,"min":18.3799991608,"25%":24.4674992561,"50%":27.220000267,"75%":34.0474996567,"max":45.3499984741}