{"count":128.0,"mean":29.8120311946,"std":6.6194996408,"min":18.3799991608,"25%":25.2325000763,"50%":27.8249998093,"75%":34.0474996567,"max":45.3499984741}