{"count":129.0,"mean":29.4068217167,"std":4.5394449923,"min":22.7399997711,"25%":26.0699996948,"50%":27.9500007629,"75%":32.0,"max":43.3499984741}