{"count":126.0,"mean":29.231190409,"std":7.1392992049,"min":18.3799991608,"25%":23.5075001717,"50%":27.345000267,"75%":34.3224992752,"max":45.3499984741}