{"count":128.0,"mean":29.5785155743,"std":6.7820577438,"min":18.3799991608,"25%":24.9725003242,"50%":27.220000267,"75%":34.0474996567,"max":45.3499984741}