{"count":125.0,"mean":29.3281607208,"std":7.1124151767,"min":18.3799991608,"25%":24.0300006866,"50%":27.5,"75%":34.4599990845,"max":45.3499984741}