{"count":127.0,"mean":29.357322768,"std":7.0246333721,"min":18.3799991608,"25%":24.375,"50%":27.25,"75%":34.1849994659,"max":45.3499984741}