{"count":128.0,"mean":52.3127032816,"std":9.8760202523,"min":34.9500007629,"25%":43.890001297,"50%":49.0050010681,"75%":59.672501564,"max":71.8600006104}