{"count":128.0,"mean":48.9097345173,"std":8.3590947817,"min":34.9500007629,"25%":42.6324987411,"50%":46.0699996948,"75%":54.3750009537,"max":71.0999984741}