{"count":128.0,"mean":50.1663751304,"std":9.3164832659,"min":34.9500007629,"25%":42.9124994278,"50%":47.2700004578,"75%":56.6750011444,"max":71.8600006104}