{"count":125.0,"mean":37.7254399414,"std":9.4786055347,"min":16.7399997711,"25%":30.2099990845,"50%":39.6800003052,"75%":44.2200012207,"max":56.6599998474}