{"count":127.0,"mean":38.8678739503,"std":8.6163934478,"min":16.7399997711,"25%":32.6999988556,"50%":40.2700004578,"75%":44.3050003052,"max":56.6599998474}