{"count":126.0,"mean":35.398611046,"std":11.0393818038,"min":13.0900001526,"25%":27.7775001526,"50%":38.4399986267,"75%":42.8050012589,"max":56.6599998474}