{"count":126.0,"mean":36.5660713665,"std":10.2879465117,"min":14.7700004578,"25%":28.960000515,"50%":39.2799987793,"75%":43.6000003815,"max":56.6599998474}