{"count":129.0,"mean":47.5293102412,"std":5.9318193395,"min":34.9500007629,"25%":42.9399986267,"50%":46.9500007629,"75%":50.9399986267,"max":61.1800003052}