{"count":128.0,"mean":48.4552032948,"std":7.8675734354,"min":34.9500007629,"25%":42.6324987411,"50%":45.9299983978,"75%":53.4325008392,"max":71.0999984741}