{"count":129.0,"mean":47.7786125656,"std":5.8347147411,"min":34.9500007629,"25%":43.4000015259,"50%":47.5,"75%":50.9399986267,"max":61.1800003052}