{"count":128.0,"mean":39.626328066,"std":7.7486609206,"min":20.0100002289,"25%":34.8775005341,"50%":40.4974994659,"75%":44.2625007629,"max":56.6599998474}