{"count":128.0,"mean":40.755234316,"std":6.7004146305,"min":24.5699996948,"25%":37.6974983215,"50%":41.1850013733,"75%":44.3000001907,"max":56.6599998474}