{"count":128.0,"mean":40.2571874261,"std":7.1398367893,"min":24.5699996948,"25%":36.2675008774,"50%":40.9750003815,"75%":44.2625007629,"max":56.6599998474}