{"count":128.0,"mean":9.7232031226,"std":2.5224128729,"min":5.2399997711,"25%":7.1974998713,"50%":10.375,"75%":11.7374997139,"max":13.75}