{"count":129.0,"mean":14.0051937547,"std":2.846793417,"min":10.1599998474,"25%":11.6999998093,"50%":13.4899997711,"75%":16.0200004578,"max":21.3999996185}