{"count":125.0,"mean":9.1007999954,"std":2.4268164193,"min":5.2399997711,"25%":6.9099998474,"50%":9.5100002289,"75%":11.1700000763,"max":13.6000003815}