{"count":128.0,"mean":14.7780468613,"std":2.7301172406,"min":10.1599998474,"25%":12.9549999237,"50%":14.4099998474,"75%":17.0100002289,"max":21.3999996185}