{"count":128.0,"mean":9.9853124917,"std":2.5736508092,"min":5.2399997711,"25%":7.4974999428,"50%":10.4650001526,"75%":11.9924998283,"max":14.279999733}