{"count":126.0,"mean":8.821349197,"std":2.4084545311,"min":5.0999999046,"25%":6.6700000763,"50%":8.8949999809,"75%":10.990000248,"max":13.3699998856}