{"count":128.0,"mean":10.2990054525,"std":2.6084842815,"min":5.2399997711,"25%":7.7575001717,"50%":10.7300000191,"75%":12.2149999142,"max":14.8100004196}