{"count":129.0,"mean":14.0881395044,"std":2.8274529252,"min":10.1599998474,"25%":11.7299995422,"50%":13.6700000763,"75%":16.0200004578,"max":21.3999996185}