{"count":127.0,"mean":9.4707873975,"std":2.511697879,"min":5.2399997711,"25%":7.0650000572,"50%":10.2100000381,"75%":11.4949998856,"max":13.75}