{"count":126.0,"mean":8.5457936431,"std":2.4155122874,"min":4.9200000763,"25%":6.2124999762,"50%":7.9350001812,"75%":10.7474999428,"max":13.3699998856}