{"count":128.0,"mean":15.2645312399,"std":2.5600101079,"min":10.75,"25%":13.447499752,"50%":15.0399999619,"75%":17.25,"max":21.3999996185}