{"count":128.0,"mean":16.1075781211,"std":2.8675578174,"min":11.2299995422,"25%":13.8624997139,"50%":15.5650000572,"75%":17.9699993134,"max":23.4200000763}