{"count":128.0,"mean":14.9156249836,"std":2.6894655098,"min":10.1599998474,"25%":13.0775001049,"50%":14.5799999237,"75%":17.1299991608,"max":21.3999996185}